,Group,logV,logVsd,logVlow,logVhigh,n,nsd,nlow,nhigh,Eo,Eosd,Eolow,Eohigh,Nspecies,level
1,Bivalvia,NA,NA,NA,NA,NA,NA,NA,NA,NA,NA,NA,NA,2,Class
2,Mytilida,1.461851261,0.484203825,0.693629552,2.299658842,-0.055398721,0.067813827,-0.156315018,0.050612486,0.210622223,0.191456188,-0.109204947,0.502850054,1,Order
3,Mytilidae,1.718329397,0.317339452,1.23102914,2.240790712,-0.027291347,0.070390589,-0.138839982,0.092823952,0.149407517,0.142850545,-0.08255927,0.38724694,1,Family
4,Pectinida,1.411969763,0.491897758,0.589824965,2.192530997,-0.061352669,0.064511993,-0.164804731,0.049220249,0.238878064,0.195546884,-0.072146689,0.555111892,1,Order
5,Pectinidae,1.551820621,0.304895309,1.074532384,2.086238786,-0.050019003,0.067004553,-0.154482041,0.070587865,0.250373805,0.142652288,0.023624506,0.480593075,1,Family
6,Cephalopoda,NA,NA,NA,NA,NA,NA,NA,NA,NA,NA,NA,NA,6,Class
7,Myopsida,1.297258682,0.467799416,0.502896634,2.040613709,-0.070470757,0.066389071,-0.177146163,0.034033082,0.230707543,0.18750049,-0.081840938,0.537336582,2,Order
8,Loliginidae,1.266011691,0.303009963,0.756906921,1.750328668,-0.06186752,0.069406147,-0.171520747,0.048684195,0.213292393,0.138017589,-0.036501084,0.41874803,2,Family
9,Nautilida,1.245343656,0.4749712,0.506960792,2.047366692,-0.074083669,0.064154967,-0.180295747,0.020792508,0.284963592,0.193698255,-0.027030024,0.597138613,1,Order
10,Nautilidae,1.134010054,0.364701083,0.522350968,1.736953864,-0.086369689,0.07127516,-0.201310848,0.031344764,0.362605527,0.162349876,0.112550217,0.667222696,1,Family
11,Octopoda,1.207650491,0.479575903,0.421801284,2.003604676,-0.074824439,0.064705422,-0.182807689,0.029108116,0.225455499,0.189759665,-0.117100847,0.513396536,2,Order
12,Amphitretidae,0.674839131,0.306529797,0.204970188,1.193813963,-0.108589252,0.079484841,-0.250494039,0.009704099,0.262420226,0.16589377,-0.013617064,0.540504513,1,Family
13,Octopodidae,1.444185087,0.288122221,0.948380155,1.892338822,-0.060630441,0.048439073,-0.138226274,0.016065343,0.167779299,0.13223506,-0.045689968,0.389664778,1,Family
14,Oegopsida,1.190301841,0.489209426,0.350605978,1.987658431,-0.054619797,0.063131577,-0.152169481,0.043309801,0.289382098,0.201054775,-0.027306703,0.653754878,1,Order
15,Ommastrephidae,0.899345888,0.448498689,0.175595994,1.634677957,-0.032561521,0.066203622,-0.134467203,0.074931996,0.396020854,0.169314162,0.13179658,0.680826017,1,Family
16,Clitellata,NA,NA,NA,NA,NA,NA,NA,NA,NA,NA,NA,NA,1,Class
17,Tubificida,1.425126533,0.504366162,0.609258971,2.224588086,-0.06613884,0.063854053,-0.167094427,0.039715795,0.182226493,0.195545584,-0.147109379,0.487764597,1,Order
18,Naididae,1.482056793,0.351204255,0.917057259,2.04932619,-0.061072917,0.055381207,-0.153768282,0.024432976,0.102103336,0.143269306,-0.134257215,0.331214015,1,Family
19,Copepoda,NA,NA,NA,NA,NA,NA,NA,NA,NA,NA,NA,NA,4,Class
20,Calanoida,1.132408951,0.466383594,0.357800945,1.858962692,-0.103685708,0.06507107,-0.209664281,-0.005847244,0.245955041,0.194962987,-0.065689087,0.585259676,3,Order
21,Lucicutiidae,0.927959261,0.375407997,0.285926268,1.531422443,-0.144143249,0.06304131,-0.257851417,-0.054622343,0.289247882,0.162412039,0.023930386,0.567829543,1,Family
22,Megacalanidae,0.99552638,0.35772231,0.424346929,1.582566428,-0.131655544,0.062820252,-0.240667811,-0.038392246,0.268493217,0.161030192,0.011834775,0.514823078,1,Family
23,Metridinidae,1.114677117,0.338263034,0.589001209,1.657318785,-0.11151173,0.062051624,-0.211753161,-0.012415433,0.237041755,0.154628312,-0.017269253,0.482307021,1,Family
24,Harpacticoida,1.248563697,0.503520201,0.424637373,2.049818525,-0.075875766,0.062019628,-0.169631591,0.020791281,0.251587917,0.200489836,-0.0591954,0.595107855,1,Order
25,Harpacticidae,1.113492478,0.414915691,0.401362583,1.816880492,-0.097211668,0.051551143,-0.186783202,-0.019804301,0.317545926,0.164603862,0.043481077,0.585139964,1,Family
26,Elasmobranchii,1.502317,NA,0.7086717,9.654109,0.2661157,NA,-0.2180308,0.05064831,0.2661157,NA,-0.07659791,0.6013813,3,Class
27,Carcharhiniformes,1.421615174,0.489165212,0.593783648,2.208340886,-0.082506492,0.065501688,-0.185767188,0.018814013,0.183874015,0.194527773,-0.147828605,0.500484172,1,Order
28,Scyliorhinidae,1.474263715,0.368843025,0.868126429,2.097031231,-0.117440932,0.069761263,-0.239540229,-0.00842824,0.128733304,0.15228067,-0.121148082,0.371700809,1,Family
29,Orectolobiformes,1.360954143,0.490959956,0.521198845,2.141308839,-0.056859675,0.06637193,-0.160009678,0.04494771,0.194455111,0.193082867,-0.11888048,0.494310842,1,Order
30,Hemiscylliidae,1.375024684,0.448292972,0.644330136,2.154060079,-0.035184589,0.061030069,-0.128146412,0.064672317,0.15838396,0.198912924,-0.179437922,0.467561961,1,Family
31,Rhinopristiformes,1.336375783,0.514324138,0.462857813,2.163519986,-0.065412679,0.064039835,-0.164465798,0.038323872,0.233912222,0.197625725,-0.086387797,0.556108612,1,Order
32,Trygonorrhinidae,1.332836777,0.493979402,0.480164282,2.165380931,-0.055502881,0.059921085,-0.153383902,0.046884315,0.207517199,0.200486224,-0.108808764,0.540583052,1,Family
33,Gastropoda,NA,NA,NA,NA,NA,NA,NA,NA,NA,NA,NA,NA,1,Class
34,Littorinimorpha,1.345887936,0.518664626,0.440877402,2.191651311,-0.063562269,0.067899213,-0.168984666,0.045993784,0.214023142,0.209808463,-0.119075253,0.564882542,1,Order
35,Strombidae,1.397516436,0.423377133,0.662759782,2.067048539,-0.059358103,0.077137775,-0.185523968,0.064091256,0.186864486,0.199762078,-0.128631461,0.509907698,1,Family
36,Gymnolaemata,NA,NA,NA,NA,NA,NA,NA,NA,NA,NA,NA,NA,1,Class
37,Cheilostomatida,1.370681818,0.499906641,0.561699697,2.169075273,-0.051858569,0.064425556,-0.159098087,0.056380761,0.207447963,0.193816558,-0.095310045,0.529170251,1,Order
38,Aspidostomatidae,1.467365503,0.357061132,0.904325123,2.086185916,-0.020585956,0.065956254,-0.124088125,0.094692356,0.182516421,0.155756185,-0.075627581,0.435400809,1,Family
39,Hexacorallia,NA,NA,NA,NA,NA,NA,NA,NA,NA,NA,NA,NA,1,Class
40,Actiniaria,1.300152438,0.463579336,0.576254726,2.044427455,-0.06523561,0.062720539,-0.162432655,0.040792172,0.244330306,0.190531562,-0.064484282,0.549376714,1,Order
41,Edwardsiidae,1.283745964,0.342569798,0.724084755,1.839644745,-0.048742988,0.057645607,-0.142155031,0.046752273,0.282085178,0.129976097,0.074919933,0.498329443,1,Family
42,Malacostraca,NA,NA,NA,NA,NA,NA,NA,NA,NA,NA,NA,NA,23,Class
43,Decapoda,1.319006103,0.427806738,0.588335864,2.028127534,-0.064909961,0.054228893,-0.15333732,0.014090137,0.328654273,0.171298928,0.049558217,0.595426735,22,Order
44,Acanthephyridae,1.384183132,0.241790109,0.968425729,1.758382794,-0.036523911,0.059973513,-0.128257881,0.072106399,0.220131748,0.110249206,0.045731701,0.410847223,5,Family
45,Benthesicymidae,0.926034531,0.280259592,0.459617494,1.405441016,-0.101837105,0.064718119,-0.218319548,-0.011572488,0.443668542,0.142734768,0.237381685,0.704104527,2,Family
46,Bythograeidae,0.836656045,0.330904896,0.325326579,1.412731182,-0.035500589,0.071321752,-0.147784752,0.094621956,0.323646997,0.124397057,0.12088513,0.534050001,1,Family
47,Grapsidae,0.905892293,0.390696347,0.236747719,1.508609239,-0.091707833,0.074153141,-0.225758771,0.01872975,0.563214124,0.161360567,0.3180401,0.842672579,1,Family
48,Majidae,1.462238234,0.355390084,0.866947888,2.018649248,-0.071385873,0.055619369,-0.16503935,0.016064502,0.314265247,0.13730632,0.091786394,0.546935073,1,Family
49,Oplophoridae,1.622838668,0.250281641,1.204508756,2.029759907,-0.043789547,0.060547796,-0.14124092,0.058414259,0.22962461,0.105313903,0.057722883,0.405572374,3,Family
50,Palinuridae,1.212048345,0.361222735,0.612469751,1.806323789,-0.067012194,0.056503603,-0.15701555,0.02865079,0.368727974,0.130047674,0.130489559,0.576371457,2,Family
51,Pandalidae,1.541433063,0.267286991,1.125854294,1.951444201,-0.096798457,0.065079133,-0.208681514,0.006328874,0.267338538,0.129193171,0.059685457,0.47559577,2,Family
52,Penaeidae,1.363657842,0.282061814,0.920507729,1.847212662,-0.061138526,0.062947232,-0.167513957,0.040674277,0.272500729,0.128145879,0.070736847,0.479178575,1,Family
53,Sergestidae,1.75981393,0.233934261,1.386841959,2.156059874,-0.030131487,0.066298601,-0.135409736,0.082239973,0.361292679,0.111656436,0.164248767,0.54426117,4,Family
54,Euphausiacea,1.142112973,0.498543024,0.30608598,1.957679586,-0.081750835,0.065538735,-0.192848646,0.019095799,0.303112176,0.191452097,0.006104448,0.625143912,1,Order
55,Euphausiidae,0.788978593,0.349575072,0.201296968,1.339710325,-0.128665714,0.062447404,-0.230856971,-0.027601443,0.45334056,0.15866074,0.204121865,0.726156382,1,Family
56,Ophiuroidea,NA,NA,NA,NA,NA,NA,NA,NA,NA,NA,NA,NA,2,Class
57,Ophiacanthida,1.349685094,0.500511847,0.558317301,2.199708891,-0.061071996,0.066804052,-0.173011524,0.051071313,0.213842757,0.203105592,-0.128455809,0.531227809,2,Order
58,Ophiocomidae,1.344664325,0.438438686,0.652702748,2.105626039,-0.059239371,0.078454369,-0.190774851,0.062928575,0.181218568,0.19711841,-0.146632,0.495303402,1,Family
59,Ophiodermatidae,1.377795255,0.434664239,0.69151515,2.118183211,-0.064330769,0.074220455,-0.183006555,0.05505922,0.248550102,0.193606089,-0.076430102,0.550032056,1,Family
60,Polychaeta,NA,NA,NA,NA,NA,NA,NA,NA,NA,NA,NA,NA,1,Class
61,Phyllodocida,1.145007404,0.485382266,0.283328731,1.886597059,-0.088440233,0.064950075,-0.198901547,0.006963902,0.248888882,0.205860369,-0.068384407,0.595507221,1,Order
62,Nereididae,0.8368399,0.406012461,0.153489243,1.498189662,-0.131766371,0.069636038,-0.253682371,-0.029112435,0.295193737,0.195236281,-0.042145854,0.627987664,1,Family
63,Teleostei,NA,NA,NA,NA,NA,NA,NA,NA,NA,NA,NA,NA,96,Class
64,Acanthuriformes,1.301341548,0.500202711,0.439909772,2.065510858,-0.072688602,0.066511169,-0.171163975,0.03386671,0.2150358,0.202419415,-0.108346025,0.553462268,1,Order
65,Acanthuridae,1.155478172,0.433250445,0.440439007,1.850121824,-0.071783014,0.077768978,-0.208352074,0.047540119,0.222693053,0.207092222,-0.137261542,0.569239448,1,Family
66,Anguilliformes,1.503737869,0.478613707,0.789271522,2.323876929,-0.081873182,0.06418624,-0.186634984,0.020218354,0.199522164,0.182364917,-0.106301804,0.498763706,1,Order
67,Anguillidae,1.877799744,0.401621856,1.194388843,2.509470105,-0.108593681,0.073240237,-0.235950501,-0.000773394,0.150694193,0.128078035,-0.063867626,0.350276804,1,Family
68,Batrachoidiformes,1.309075494,0.506338787,0.474801871,2.100642997,-0.066611658,0.064972742,-0.167750149,0.045471898,0.223914985,0.208338412,-0.116998592,0.553366819,1,Order
69,Batrachoididae,1.253418952,0.444965312,0.519427709,1.982406644,-0.055591962,0.07291344,-0.174188623,0.064697218,0.227955584,0.213009971,-0.10310766,0.569793606,1,Family
70,Blenniiformes,1.325205343,0.452526183,0.554062725,2.07818387,-0.064146968,0.060094612,-0.164468755,0.030161938,0.19613552,0.182825522,-0.115945648,0.512134108,4,Order
71,Blenniidae,1.108599391,0.392033797,0.427509797,1.694322023,-0.087065861,0.062998436,-0.187019311,0.011796901,0.199491166,0.189750821,-0.127790958,0.503611206,1,Family
72,Tripterygiidae,1.564403152,0.247161038,1.147471786,1.950679286,-0.035106712,0.063640804,-0.138141465,0.068803496,0.159932408,0.126079648,-0.043420356,0.377790031,3,Family
73,Carangiformes,1.266107992,0.505865663,0.402922192,2.047942579,-0.048664122,0.062544882,-0.143035487,0.053336939,0.228577416,0.200970064,-0.10498477,0.556685037,1,Order
74,Carangidae,1.100510118,0.516269859,0.272918846,1.930996993,-0.00692624,0.063248417,-0.103763082,0.100130273,0.232467649,0.216934018,-0.112616202,0.607952735,1,Family
75,Cyprinodontiformes,1.481150541,0.466679901,0.739708534,2.227469737,-0.058616113,0.065839086,-0.164629462,0.047647401,0.100357505,0.207617862,-0.254416839,0.406308651,4,Order
76,Cyprinodontidae,1.964741493,0.284067122,1.485397634,2.405000446,-0.027080708,0.076200947,-0.145968232,0.104565327,0.024803009,0.194205691,-0.315223655,0.3167571,1,Family
77,Fundulidae,1.823738773,0.340188952,1.210382565,2.321999919,-0.037668677,0.074115563,-0.159142812,0.083141853,-0.087790927,0.178422079,-0.371502596,0.207817289,2,Family
78,Poeciliidae,1.062384177,0.37968134,0.41450831,1.662325534,-0.08237251,0.083039843,-0.228520465,0.043686504,0.115335315,0.216128699,-0.266119885,0.448671908,1,Family
79,Eupercaria,1.428176856,0.451107434,0.676090226,2.185399156,-0.07614711,0.058351637,-0.168786789,0.018798599,0.185634696,0.177101618,-0.121235832,0.475766899,11,Order
80,Labridae,1.420677061,0.271408626,1.000615188,1.88497138,-0.073495566,0.06068006,-0.174048084,0.025280065,0.168245864,0.128840523,-0.043369708,0.392799276,3,Family
81,Moronidae,1.403517708,0.377338966,0.7854335,2.017675314,-0.089366366,0.059614023,-0.193789651,0.000623898,0.20963975,0.138528592,-0.010553865,0.443098395,1,Family
82,Nemipteridae,1.431993489,0.381986589,0.791934765,2.054848502,-0.072416243,0.066471482,-0.177143427,0.036169153,0.189047527,0.176308532,-0.1079192,0.47694969,1,Family
83,Sciaenidae,1.390218005,0.285378488,0.903961939,1.836063579,-0.059769755,0.047599094,-0.133405714,0.021947671,0.079521865,0.113965355,-0.115049533,0.264234464,3,Family
84,Sparidae,1.515142111,0.281883546,1.061243865,1.976437094,-0.085605899,0.049242366,-0.16884719,-0.006820932,0.185090531,0.116348051,0.001277457,0.376992156,3,Family
85,Gadiformes,1.599087884,0.473981691,0.813228138,2.369912956,-0.051570319,0.063851891,-0.15984317,0.047114131,0.183939008,0.189544637,-0.134111201,0.492410177,2,Order
86,Gadidae,1.97524181,0.312373104,1.444081335,2.481842855,-0.027130664,0.061946309,-0.130209315,0.076643455,0.141937316,0.127345726,-0.07312857,0.349149534,2,Family
87,Gobiiformes,1.234025851,0.463742274,0.475106535,2.000419071,-0.081598639,0.061620945,-0.178492358,0.01831448,0.265356636,0.190252013,-0.048437124,0.577784311,13,Order
88,Gobiidae,1.111054505,0.269082977,0.64304489,1.558101454,-0.103771288,0.04739142,-0.183913549,-0.027808794,0.315823353,0.131728046,0.100911277,0.523675686,13,Family
89,Kurtiformes,1.284412043,0.480340281,0.514147007,2.072913568,-0.069515953,0.065539857,-0.169283234,0.034634464,0.227443975,0.199290365,-0.124113839,0.534281892,9,Order
90,Apogonidae,1.25413893,0.380230987,0.60872555,1.885852223,-0.063609213,0.066336838,-0.165486614,0.048084982,0.20913104,0.19648539,-0.133171249,0.511882156,9,Family
91,Myctophiformes,1.349024352,0.493709779,0.572385549,2.144669465,-0.068884425,0.066293238,-0.17003805,0.039486045,0.248346997,0.194120407,-0.065687227,0.56886834,2,Order
92,Myctophidae,1.357753864,0.275603046,0.900163794,1.796437648,-0.06482507,0.072275479,-0.18619457,0.048743922,0.273579325,0.149680705,0.034815098,0.536450409,2,Family
93,Ovalentaria,1.352225222,0.454531133,0.560473738,2.05658249,-0.024427609,0.064254971,-0.126763742,0.075746004,0.198058526,0.195526444,-0.115924998,0.534307766,17,Order
94,Embiotocidae,1.255211559,0.344896779,0.692622022,1.798728406,-0.02022157,0.074998551,-0.152251234,0.093240925,0.228130358,0.174558739,-0.039944433,0.526258196,1,Family
95,Plesiopidae,1.439090909,0.312237302,0.916858511,1.942475478,-0.024508901,0.075349688,-0.159812275,0.092965866,0.19022159,0.17690493,-0.103982645,0.47503647,1,Family
96,Pomacentridae,1.33291859,0.323199396,0.813932598,1.845141832,0.042950158,0.03551096,-0.016339977,0.099746526,0.182095189,0.164719657,-0.082490078,0.46139494,15,Family
97,Perciformes,1.567302959,0.41721966,0.868794195,2.288266517,-0.092011777,0.056864711,-0.185340558,-0.003163359,0.266859034,0.170982811,-0.007767841,0.553292389,22,Order
98,Cottidae,1.68707562,0.219524306,1.315921914,2.063303283,-0.112855536,0.04338897,-0.185246511,-0.047042532,0.374590307,0.111223003,0.195348439,0.552242485,11,Family
99,Cyclopteridae,1.812217051,0.305640618,1.324992425,2.331520639,-0.087449607,0.071796422,-0.197747693,0.0319758,0.194022769,0.153607216,-0.049413986,0.459864872,1,Family
100,Hemitripteridae,1.795723436,0.284390062,1.309746144,2.253986114,-0.079686112,0.069501821,-0.192116062,0.032694405,0.236943309,0.149695562,0.001089636,0.497086119,1,Family
101,Jordaniidae,1.553311968,0.312025525,1.042806129,2.064506821,-0.088941097,0.061226221,-0.186700167,0.014581343,0.339007462,0.149491225,0.107172279,0.604122777,1,Family
102,Nototheniidae,1.892545974,0.348841392,1.347161712,2.487851755,-0.084295609,0.074982458,-0.207107214,0.038429691,0.137360611,0.135144605,-0.097473616,0.350466658,1,Family
103,Pinguipedidae,1.400061113,0.373144174,0.814246813,2.021455475,-0.101577352,0.072443968,-0.220172774,0.010922799,0.271564273,0.177430883,-0.038187379,0.536778902,1,Family
104,Scorpaenidae,1.208930098,0.371289278,0.585082865,1.791852307,-0.113653918,0.074298289,-0.242879525,5.08661781333748E-05,0.257289698,0.180073213,-0.04018022,0.544540259,2,Family
105,Serranidae,1.457304095,0.353799756,0.899011712,2.049087751,-0.07561356,0.059644982,-0.172922844,0.021775799,0.271032108,0.131930767,0.042278452,0.476719602,1,Family
106,Stichaeidae,1.791708325,0.320070239,1.27543657,2.304773692,-0.0830512,0.073195098,-0.198002031,0.039005866,0.230525591,0.167493062,-0.058883034,0.479190033,1,Family
107,Zoarcidae,1.29142393,0.276441177,0.827523798,1.739070971,-0.140322815,0.070712941,-0.261979641,-0.040487975,0.513225768,0.139579904,0.274168968,0.741375337,2,Family
108,Pleuronectiformes,1.451967058,0.487199768,0.666584452,2.267946891,-0.067782328,0.064586096,-0.17318143,0.027959186,0.188835656,0.188225326,-0.119481778,0.497296615,2,Order
109,Paralichthyidae,1.33199512,0.416880424,0.66971076,2.041948459,-0.062817304,0.065785265,-0.166241,0.046813236,0.20823282,0.163209694,-0.052451439,0.495490934,1,Family
110,Pleuronectidae,1.736219805,0.403529992,1.118436207,2.368680536,-0.090838076,0.077907802,-0.212980212,0.034860277,0.101085137,0.176533768,-0.180965241,0.385874794,1,Family
111,Salmoniformes,1.415882643,0.469562281,0.666974173,2.188418428,-0.067220382,0.062439617,-0.161537389,0.039219022,0.218055166,0.189478007,-0.096775726,0.534805339,3,Order
112,Salmonidae,1.561030839,0.265753748,1.112078341,1.987371551,-0.067096027,0.050365113,-0.144678592,0.013661645,0.220631681,0.115024095,0.023282884,0.405357905,3,Family
113,Scombriformes,1.32391926,0.505456146,0.484273723,2.125051821,-0.062265333,0.063292454,-0.172184826,0.042594053,0.230379546,0.204120092,-0.094965402,0.572960903,1,Order
114,Scombridae,1.286024292,0.494196618,0.482437133,2.108751866,-0.050664875,0.064797034,-0.145423886,0.063686193,0.231056375,0.211851316,-0.132081775,0.56534274,1,Family
115,Tetraodontiformes,1.338352323,0.457843617,0.588472891,2.09779335,-0.064980589,0.065198897,-0.180486508,0.030747793,0.22200102,0.198639791,-0.100248681,0.536434507,1,Order
116,Monacanthidae,1.282280897,0.408615918,0.592090076,1.937997084,-0.067902442,0.075147703,-0.200301761,0.050301734,0.212399381,0.204317682,-0.112825655,0.556365112,1,Family
117,Trachichthyiformes,1.379645871,0.48226087,0.589796529,2.195074876,-0.06436131,0.066262821,-0.171317495,0.046695945,0.221255034,0.196190862,-0.115497514,0.536469107,1,Order
118,Anoplogastridae,1.476271605,0.33196247,0.914894547,2.014443754,-0.063243376,0.077165724,-0.189030549,0.062166102,0.181821307,0.160446991,-0.083416399,0.435925704,1,Family
119,Thaliacea,NA,NA,NA,NA,NA,NA,NA,NA,NA,NA,NA,NA,1,Class
120,Salpida,1.339255394,0.497846504,0.483429493,2.112094536,-0.070318156,0.064358712,-0.171546196,0.0251841,0.246553393,0.198523156,-0.088122465,0.56194453,1,Order
121,Salpidae,1.28480648,0.324704372,0.714709484,1.806724234,-0.068386368,0.063005794,-0.180493905,0.023338859,0.30115694,0.158850894,0.030306815,0.549294003,1,Family